night_date,day_name,is_weekend,year_month,reservation_id,platform,nightly_rate,net_rev_ex_cleaning,snapshot_price,event,event_type,night_status
2026-08-15,Saturday,1,2026-08,R01,airbnb,475.0,297.85,,,,booked
2026-08-16,Sunday,0,2026-08,,,,,,,,vacant_past
2026-08-17,Monday,0,2026-08,,,,,,,,vacant_past
2026-08-18,Tuesday,0,2026-08,,,,,,,,vacant_past
2026-08-19,Wednesday,0,2026-08,,,,,,,,vacant_past
2026-08-20,Thursday,0,2026-08,,,,,,,,vacant_past
2026-08-21,Friday,1,2026-08,,,,,,,,vacant_past
2026-08-22,Saturday,1,2026-08,R02,airbnb,210.0,100.0,,,,booked
2026-08-23,Sunday,0,2026-08,R02,airbnb,130.0,100.0,,,,booked
2026-08-24,Monday,0,2026-08,R02,airbnb,130.0,100.0,,,,booked
2026-08-25,Tuesday,0,2026-08,R02,airbnb,130.0,100.0,,,,booked
2026-08-26,Wednesday,0,2026-08,R02,airbnb,130.0,100.0,,,,booked
2026-08-27,Thursday,0,2026-08,R02,airbnb,130.0,100.0,,,,booked
2026-08-28,Friday,1,2026-08,R02,airbnb,210.0,100.0,,,,booked
2026-08-29,Saturday,1,2026-08,R02,airbnb,210.0,100.0,,,,booked
2026-08-30,Sunday,0,2026-08,R02,airbnb,130.0,100.0,,,,booked
2026-08-31,Monday,0,2026-08,R02,airbnb,130.0,100.0,,,,booked
2026-09-01,Tuesday,0,2026-09,R02,airbnb,130.0,100.0,,,,booked
2026-09-02,Wednesday,0,2026-09,R02,airbnb,130.0,100.0,,,,booked
2026-09-03,Thursday,0,2026-09,R02,airbnb,172.0,100.0,,,,booked
2026-09-04,Friday,1,2026-09,R02,airbnb,476.0,100.0,,,,booked
2026-09-05,Saturday,1,2026-09,R02,airbnb,680.0,100.0,,,,booked
2026-09-06,Sunday,0,2026-09,R02,airbnb,209.0,100.0,,,,booked
2026-09-07,Monday,0,2026-09,R02,airbnb,130.0,100.0,,,,booked
2026-09-08,Tuesday,0,2026-09,R02,airbnb,130.0,100.0,,,,booked
2026-09-09,Wednesday,0,2026-09,R02,airbnb,123.0,100.0,,,,booked
2026-09-10,Thursday,0,2026-09,R02,airbnb,164.0,100.0,,,,booked
2026-09-11,Friday,1,2026-09,R02,airbnb,439.0,100.0,,,,booked
2026-09-12,Saturday,1,2026-09,R02,airbnb,578.0,100.0,,,,booked
2026-09-13,Sunday,0,2026-09,R02,airbnb,130.0,100.0,,,,booked
2026-09-14,Monday,0,2026-09,R02,airbnb,130.0,100.0,,,,booked
2026-09-15,Tuesday,0,2026-09,R02,airbnb,130.0,100.0,,,,booked
2026-09-16,Wednesday,0,2026-09,R02,airbnb,130.0,100.0,,,,booked
2026-09-17,Thursday,0,2026-09,R02,airbnb,130.0,100.0,,,,booked
2026-09-18,Friday,1,2026-09,R02,airbnb,222.0,100.0,,,,booked
2026-09-19,Saturday,1,2026-09,R02,airbnb,210.0,100.0,,,,booked
2026-09-20,Sunday,0,2026-09,R02,airbnb,130.0,100.0,,,,booked
2026-09-21,Monday,0,2026-09,R02,airbnb,130.0,100.0,,,,booked
2026-09-22,Tuesday,0,2026-09,,,,,,,,vacant_past
2026-09-23,Wednesday,0,2026-09,,,,,,,,vacant_past
2026-09-24,Thursday,0,2026-09,,,,,,,,vacant_past
2026-09-25,Friday,1,2026-09,R04,airbnb,850.0,562.98,,,,booked
2026-09-26,Saturday,1,2026-09,R04,airbnb,850.0,562.98,,,,booked
2026-09-27,Sunday,0,2026-09,,,,,,,,vacant_past
2026-09-28,Monday,0,2026-09,,,,,,,,vacant_past
2026-09-29,Tuesday,0,2026-09,,,,,,,,vacant_past
2026-09-30,Wednesday,0,2026-09,,,,,,,,vacant_past
2026-10-01,Thursday,0,2026-10,,,,,,,,vacant_past
2026-10-02,Friday,1,2026-10,,,,,,,,vacant_past
2026-10-03,Saturday,1,2026-10,,,,,,,,vacant_past
2026-10-04,Sunday,0,2026-10,,,,,,,,vacant_past
2026-10-05,Monday,0,2026-10,,,,,,,,vacant_past
2026-10-06,Tuesday,0,2026-10,,,,,,,,vacant_past
2026-10-07,Wednesday,0,2026-10,,,,,,,,vacant_past
2026-10-08,Thursday,0,2026-10,,,,,150.0,,,open_for_sale
2026-10-09,Friday,1,2026-10,R07,airbnb,800.0,778.45,800.0,Homecoming (South Carolina) eve,home_game,booked
2026-10-10,Saturday,1,2026-10,R07,airbnb,1400.0,778.45,1400.0,Homecoming (South Carolina),home_game,booked
2026-10-11,Sunday,0,2026-10,,,,,95.0,,,open_for_sale
2026-10-12,Monday,0,2026-10,,,,,95.0,,,open_for_sale
2026-10-13,Tuesday,0,2026-10,,,,,95.0,,,open_for_sale
2026-10-14,Wednesday,0,2026-10,,,,,95.0,,,open_for_sale
2026-10-15,Thursday,0,2026-10,,,,,95.0,,,open_for_sale
2026-10-16,Friday,1,2026-10,,,,,125.0,Texas away weekend,away_game,open_for_sale
2026-10-17,Saturday,1,2026-10,,,,,135.0,Texas away weekend,away_game,open_for_sale
2026-10-18,Sunday,0,2026-10,,,,,95.0,,,open_for_sale
2026-10-19,Monday,0,2026-10,,,,,95.0,,,open_for_sale
2026-10-20,Tuesday,0,2026-10,,,,,95.0,,,open_for_sale
2026-10-21,Wednesday,0,2026-10,,,,,150.0,,,open_for_sale
2026-10-22,Thursday,0,2026-10,R10,airbnb,205.0,166.86,150.0,,,booked
2026-10-23,Friday,1,2026-10,R10,airbnb,311.6,166.86,150.0,,,booked
2026-10-24,Saturday,1,2026-10,R10,airbnb,311.6,166.86,150.0,,,booked
2026-10-25,Sunday,0,2026-10,R10,airbnb,205.0,166.86,150.0,,,booked
2026-10-26,Monday,0,2026-10,,,,,95.0,,,open_for_sale
2026-10-27,Tuesday,0,2026-10,,,,,95.0,,,open_for_sale
2026-10-28,Wednesday,0,2026-10,,,,,95.0,,,open_for_sale
2026-10-29,Thursday,0,2026-10,,,,,150.0,,,open_for_sale
2026-10-30,Friday,1,2026-10,,,,,195.0,Halloween weekend (UGA in Atlanta),away_game,open_for_sale
2026-10-31,Saturday,1,2026-10,,,,,210.0,Halloween weekend (UGA in Atlanta),away_game,open_for_sale
2026-11-01,Sunday,0,2026-11,,,,,110.0,,,open_for_sale
2026-11-02,Monday,0,2026-11,,,,,110.0,,,open_for_sale
2026-11-03,Tuesday,0,2026-11,,,,,110.0,,,open_for_sale
2026-11-04,Wednesday,0,2026-11,,,,,110.0,,,open_for_sale
2026-11-05,Thursday,0,2026-11,,,,,200.0,,,open_for_sale
2026-11-06,Friday,1,2026-11,R11,airbnb,875.0,609.1,875.0,Oklahoma eve,home_game,booked
2026-11-07,Saturday,1,2026-11,R11,airbnb,875.0,609.1,875.0,Oklahoma,home_game,booked
2026-11-08,Sunday,0,2026-11,,,,,110.0,,,open_for_sale
2026-11-09,Monday,0,2026-11,,,,,110.0,,,open_for_sale
2026-11-10,Tuesday,0,2026-11,,,,,110.0,,,open_for_sale
2026-11-11,Wednesday,0,2026-11,,,,,110.0,,,open_for_sale
2026-11-12,Thursday,0,2026-11,,,,,110.0,,,open_for_sale
2026-11-13,Friday,1,2026-11,,,,,170.0,Kentucky away weekend,away_game,open_for_sale
2026-11-14,Saturday,1,2026-11,,,,,180.0,Kentucky away weekend,away_game,open_for_sale
2026-11-15,Sunday,0,2026-11,,,,,110.0,,,open_for_sale
2026-11-16,Monday,0,2026-11,,,,,110.0,,,open_for_sale
2026-11-17,Tuesday,0,2026-11,,,,,110.0,,,open_for_sale
2026-11-18,Wednesday,0,2026-11,,,,,110.0,,,open_for_sale
2026-11-19,Thursday,0,2026-11,,,,,250.0,Vanderbilt arrival,home_game,open_for_sale
2026-11-20,Friday,1,2026-11,,,,,650.0,Vanderbilt eve,home_game,open_for_sale
2026-11-21,Saturday,1,2026-11,,,,,650.0,Vanderbilt,home_game,open_for_sale
2026-11-22,Sunday,0,2026-11,,,,,180.0,,,open_for_sale
2026-11-23,Monday,0,2026-11,,,,,150.0,,,open_for_sale
2026-11-24,Tuesday,0,2026-11,,,,,160.0,,,open_for_sale
2026-11-25,Wednesday,0,2026-11,,,,,200.0,,,open_for_sale
2026-11-26,Thursday,0,2026-11,,,,,220.0,Thanksgiving,holiday,open_for_sale
2026-11-27,Friday,1,2026-11,,,,,230.0,Thanksgiving weekend (FSU away),holiday,open_for_sale
2026-11-28,Saturday,1,2026-11,,,,,230.0,Thanksgiving weekend (FSU away),holiday,open_for_sale
2026-11-29,Sunday,0,2026-11,,,,,110.0,,,open_for_sale
2026-11-30,Monday,0,2026-11,,,,,110.0,,,open_for_sale
2026-12-01,Tuesday,0,2026-12,,,,,110.0,,,open_for_sale
2026-12-02,Wednesday,0,2026-12,,,,,110.0,,,open_for_sale
2026-12-03,Thursday,0,2026-12,,,,,110.0,,,open_for_sale
2026-12-04,Friday,1,2026-12,,,,,150.0,,,open_for_sale
2026-12-05,Saturday,1,2026-12,,,,,155.0,,,open_for_sale
2026-12-06,Sunday,0,2026-12,,,,,110.0,,,open_for_sale
2026-12-07,Monday,0,2026-12,,,,,110.0,,,open_for_sale
2026-12-08,Tuesday,0,2026-12,,,,,110.0,,,open_for_sale
2026-12-09,Wednesday,0,2026-12,,,,,110.0,,,open_for_sale
2026-12-10,Thursday,0,2026-12,,,,,260.0,Commencement arrival (projected),commencement,open_for_sale
2026-12-11,Friday,1,2026-12,,,,,400.0,UF fall commencement (projected),commencement,open_for_sale
2026-12-12,Saturday,1,2026-12,,,,,400.0,UF fall commencement (projected),commencement,open_for_sale
2026-12-13,Sunday,0,2026-12,,,,,180.0,,,open_for_sale
2026-12-14,Monday,0,2026-12,,,,,110.0,,,open_for_sale
2026-12-15,Tuesday,0,2026-12,,,,,110.0,,,open_for_sale
2026-12-16,Wednesday,0,2026-12,,,,,110.0,,,open_for_sale
2026-12-17,Thursday,0,2026-12,,,,,110.0,,,open_for_sale
2026-12-18,Friday,1,2026-12,,,,,140.0,,,open_for_sale
2026-12-19,Saturday,1,2026-12,,,,,140.0,,,open_for_sale
2026-12-20,Sunday,0,2026-12,,,,,110.0,,,open_for_sale
2026-12-21,Monday,0,2026-12,,,,,110.0,,,open_for_sale
2026-12-22,Tuesday,0,2026-12,,,,,150.0,,,open_for_sale
2026-12-23,Wednesday,0,2026-12,R12,airbnb,130.0,91.14,130.0,,,booked
2026-12-24,Thursday,0,2026-12,R12,airbnb,110.0,91.14,110.0,,,booked
2026-12-25,Friday,1,2026-12,R12,airbnb,150.0,91.14,150.0,,,booked
2026-12-26,Saturday,1,2026-12,R12,airbnb,150.0,91.14,150.0,,,booked
2026-12-27,Sunday,0,2026-12,R12,airbnb,110.0,91.14,110.0,,,booked
2026-12-28,Monday,0,2026-12,R12,airbnb,110.0,91.14,110.0,,,booked
2026-12-29,Tuesday,0,2026-12,R12,airbnb,110.0,91.14,110.0,,,booked
2026-12-30,Wednesday,0,2026-12,R12,airbnb,110.0,91.14,110.0,,,booked
2026-12-31,Thursday,0,2026-12,R12,airbnb,110.0,91.14,110.0,,,booked
2027-01-01,Friday,1,2027-01,R12,airbnb,150.0,91.14,150.0,,,booked
2027-01-02,Saturday,1,2027-01,R12,airbnb,150.0,91.14,150.0,,,booked
2027-01-03,Sunday,0,2027-01,R12,airbnb,110.0,91.14,110.0,,,booked
2027-01-04,Monday,0,2027-01,,,,,150.0,,,open_for_sale
2027-01-05,Tuesday,0,2027-01,,,,,150.0,,,open_for_sale
2027-01-06,Wednesday,0,2027-01,,,,,150.0,,,open_for_sale
2027-01-07,Thursday,0,2027-01,,,,,150.0,,,open_for_sale
2027-01-08,Friday,1,2027-01,,,,,260.0,,,open_for_sale
2027-01-09,Saturday,1,2027-01,,,,,260.0,,,open_for_sale
2027-01-10,Sunday,0,2027-01,,,,,150.0,,,open_for_sale
2027-01-11,Monday,0,2027-01,,,,,150.0,,,open_for_sale
2027-01-12,Tuesday,0,2027-01,,,,,150.0,,,open_for_sale
2027-01-13,Wednesday,0,2027-01,,,,,150.0,,,open_for_sale
2027-01-14,Thursday,0,2027-01,,,,,150.0,,,open_for_sale
2027-01-15,Friday,1,2027-01,,,,,240.0,,,open_for_sale
2027-01-16,Saturday,1,2027-01,,,,,240.0,,,open_for_sale
2027-01-17,Sunday,0,2027-01,,,,,150.0,,,open_for_sale
2027-01-18,Monday,0,2027-01,,,,,150.0,,,open_for_sale
2027-01-19,Tuesday,0,2027-01,,,,,150.0,,,open_for_sale
2027-01-20,Wednesday,0,2027-01,,,,,150.0,,,open_for_sale
2027-01-21,Thursday,0,2027-01,,,,,150.0,,,open_for_sale
2027-01-22,Friday,1,2027-01,,,,,240.0,,,open_for_sale
2027-01-23,Saturday,1,2027-01,,,,,240.0,,,open_for_sale
2027-01-24,Sunday,0,2027-01,,,,,150.0,,,open_for_sale
2027-01-25,Monday,0,2027-01,,,,,150.0,,,open_for_sale
2027-01-26,Tuesday,0,2027-01,,,,,150.0,,,open_for_sale
2027-01-27,Wednesday,0,2027-01,,,,,150.0,,,open_for_sale
2027-01-28,Thursday,0,2027-01,,,,,150.0,,,open_for_sale
2027-01-29,Friday,1,2027-01,,,,,240.0,,,open_for_sale
2027-01-30,Saturday,1,2027-01,,,,,240.0,,,open_for_sale
2027-01-31,Sunday,0,2027-01,,,,,150.0,,,open_for_sale
2027-02-01,Monday,0,2027-02,,,,,155.0,,,open_for_sale
2027-02-02,Tuesday,0,2027-02,,,,,155.0,,,open_for_sale
2027-02-03,Wednesday,0,2027-02,,,,,155.0,,,open_for_sale
2027-02-04,Thursday,0,2027-02,,,,,155.0,,,open_for_sale
2027-02-05,Friday,1,2027-02,,,,,250.0,,,open_for_sale
2027-02-06,Saturday,1,2027-02,,,,,250.0,,,open_for_sale
2027-02-07,Sunday,0,2027-02,,,,,155.0,,,open_for_sale
2027-02-08,Monday,0,2027-02,,,,,155.0,,,open_for_sale
2027-02-09,Tuesday,0,2027-02,,,,,155.0,,,open_for_sale
2027-02-10,Wednesday,0,2027-02,,,,,155.0,,,open_for_sale
2027-02-11,Thursday,0,2027-02,,,,,155.0,,,open_for_sale
2027-02-12,Friday,1,2027-02,,,,,270.0,,,open_for_sale
2027-02-13,Saturday,1,2027-02,,,,,270.0,,,open_for_sale
2027-02-14,Sunday,0,2027-02,,,,,155.0,,,open_for_sale
2027-02-15,Monday,0,2027-02,,,,,155.0,,,open_for_sale
2027-02-16,Tuesday,0,2027-02,,,,,155.0,,,open_for_sale
2027-02-17,Wednesday,0,2027-02,,,,,155.0,,,open_for_sale
2027-02-18,Thursday,0,2027-02,,,,,155.0,,,open_for_sale
2027-02-19,Friday,1,2027-02,,,,,250.0,,,open_for_sale
2027-02-20,Saturday,1,2027-02,,,,,250.0,,,open_for_sale
2027-02-21,Sunday,0,2027-02,,,,,155.0,,,open_for_sale
2027-02-22,Monday,0,2027-02,,,,,155.0,,,open_for_sale
2027-02-23,Tuesday,0,2027-02,,,,,155.0,,,open_for_sale
2027-02-24,Wednesday,0,2027-02,,,,,155.0,,,open_for_sale
2027-02-25,Thursday,0,2027-02,,,,,155.0,,,open_for_sale
2027-02-26,Friday,1,2027-02,,,,,250.0,,,open_for_sale
2027-02-27,Saturday,1,2027-02,,,,,250.0,,,open_for_sale
2027-02-28,Sunday,0,2027-02,,,,,155.0,,,open_for_sale
2027-03-01,Monday,0,2027-03,,,,,160.0,,,open_for_sale
2027-03-02,Tuesday,0,2027-03,,,,,160.0,,,open_for_sale
2027-03-03,Wednesday,0,2027-03,,,,,160.0,,,open_for_sale
2027-03-04,Thursday,0,2027-03,,,,,160.0,,,open_for_sale
2027-03-05,Friday,1,2027-03,,,,,260.0,,,open_for_sale
2027-03-06,Saturday,1,2027-03,,,,,260.0,,,open_for_sale
2027-03-07,Sunday,0,2027-03,,,,,160.0,,,open_for_sale
2027-03-08,Monday,0,2027-03,,,,,160.0,,,open_for_sale
2027-03-09,Tuesday,0,2027-03,,,,,160.0,,,open_for_sale
2027-03-10,Wednesday,0,2027-03,,,,,200.0,,,open_for_sale
2027-03-11,Thursday,0,2027-03,,,,,325.0,NHRA Gatornationals,local_event,open_for_sale
2027-03-12,Friday,1,2027-03,,,,,425.0,NHRA Gatornationals,local_event,open_for_sale
2027-03-13,Saturday,1,2027-03,,,,,425.0,NHRA Gatornationals,local_event,open_for_sale
2027-03-14,Sunday,0,2027-03,,,,,200.0,,,open_for_sale
2027-03-15,Monday,0,2027-03,,,,,160.0,,,open_for_sale
2027-03-16,Tuesday,0,2027-03,,,,,160.0,,,open_for_sale
2027-03-17,Wednesday,0,2027-03,,,,,160.0,,,open_for_sale
2027-03-18,Thursday,0,2027-03,,,,,160.0,,,open_for_sale
2027-03-19,Friday,1,2027-03,R13,vrbo,200.0,169.44,375.0,,,booked
2027-03-20,Saturday,1,2027-03,R13,vrbo,200.0,169.44,180.0,,,booked
2027-03-21,Sunday,0,2027-03,R13,vrbo,200.0,169.44,160.0,,,booked
2027-03-22,Monday,0,2027-03,R13,vrbo,200.0,169.44,160.0,,,booked
2027-03-23,Tuesday,0,2027-03,R13,vrbo,200.0,169.44,160.0,,,booked
2027-03-24,Wednesday,0,2027-03,R13,vrbo,200.0,169.44,160.0,,,booked
2027-03-25,Thursday,0,2027-03,R13,vrbo,200.0,169.44,160.0,,,booked
2027-03-26,Friday,1,2027-03,R13,vrbo,200.0,169.44,290.0,,,booked
2027-03-27,Saturday,1,2027-03,,,,,260.0,,,open_for_sale
2027-03-28,Sunday,0,2027-03,,,,,160.0,,,open_for_sale
2027-03-29,Monday,0,2027-03,,,,,160.0,,,open_for_sale
2027-03-30,Tuesday,0,2027-03,,,,,160.0,,,open_for_sale
2027-03-31,Wednesday,0,2027-03,,,,,160.0,,,open_for_sale
2027-04-01,Thursday,0,2027-04,,,,,165.0,,,open_for_sale
2027-04-02,Friday,1,2027-04,,,,,270.0,,,open_for_sale
2027-04-03,Saturday,1,2027-04,,,,,270.0,,,open_for_sale
2027-04-04,Sunday,0,2027-04,,,,,165.0,,,open_for_sale
2027-04-05,Monday,0,2027-04,,,,,165.0,,,open_for_sale
2027-04-06,Tuesday,0,2027-04,,,,,165.0,,,open_for_sale
2027-04-07,Wednesday,0,2027-04,,,,,165.0,,,open_for_sale
2027-04-08,Thursday,0,2027-04,,,,,165.0,,,open_for_sale
2027-04-09,Friday,1,2027-04,,,,,320.0,,,open_for_sale
2027-04-10,Saturday,1,2027-04,,,,,350.0,Orange and Blue weekend (projected),local_event,open_for_sale
2027-04-11,Sunday,0,2027-04,,,,,165.0,,,open_for_sale
2027-04-12,Monday,0,2027-04,,,,,165.0,,,open_for_sale
2027-04-13,Tuesday,0,2027-04,,,,,165.0,,,open_for_sale
2027-04-14,Wednesday,0,2027-04,,,,,165.0,,,open_for_sale
2027-04-15,Thursday,0,2027-04,,,,,165.0,,,open_for_sale
2027-04-16,Friday,1,2027-04,,,,,270.0,,,open_for_sale
2027-04-17,Saturday,1,2027-04,,,,,270.0,,,open_for_sale
2027-04-18,Sunday,0,2027-04,,,,,165.0,,,open_for_sale
2027-04-19,Monday,0,2027-04,,,,,165.0,,,open_for_sale
2027-04-20,Tuesday,0,2027-04,,,,,165.0,,,open_for_sale
2027-04-21,Wednesday,0,2027-04,,,,,165.0,,,open_for_sale
2027-04-22,Thursday,0,2027-04,,,,,165.0,,,open_for_sale
2027-04-23,Friday,1,2027-04,,,,,270.0,,,open_for_sale
2027-04-24,Saturday,1,2027-04,,,,,270.0,,,open_for_sale
2027-04-25,Sunday,0,2027-04,,,,,165.0,,,open_for_sale
2027-04-26,Monday,0,2027-04,,,,,200.0,,,open_for_sale
2027-04-27,Tuesday,0,2027-04,,,,,250.0,,,open_for_sale
2027-04-28,Wednesday,0,2027-04,,,,,375.0,,,open_for_sale
2027-04-29,Thursday,0,2027-04,,,,,425.0,UF spring commencement,commencement,open_for_sale
2027-04-30,Friday,1,2027-04,R15,airbnb,600.0,352.43,600.0,UF spring commencement,commencement,booked
2027-05-01,Saturday,1,2027-05,R15,airbnb,600.0,352.43,600.0,UF spring commencement,commencement,booked
2027-05-02,Sunday,0,2027-05,R15,airbnb,300.0,352.43,300.0,,,booked
2027-05-03,Monday,0,2027-05,R15,airbnb,205.0,352.43,162.0,,,booked
2027-05-04,Tuesday,0,2027-05,,,,,170.0,,,open_for_sale
2027-05-05,Wednesday,0,2027-05,,,,,150.0,,,open_for_sale
2027-05-06,Thursday,0,2027-05,,,,,150.0,,,open_for_sale
2027-05-07,Friday,1,2027-05,,,,,220.0,,,open_for_sale
2027-05-08,Saturday,1,2027-05,,,,,220.0,,,open_for_sale
2027-05-09,Sunday,0,2027-05,,,,,150.0,,,open_for_sale
2027-05-10,Monday,0,2027-05,,,,,150.0,,,open_for_sale
2027-05-11,Tuesday,0,2027-05,,,,,150.0,,,open_for_sale
2027-05-12,Wednesday,0,2027-05,,,,,150.0,,,open_for_sale
2027-05-13,Thursday,0,2027-05,,,,,150.0,,,open_for_sale
2027-05-14,Friday,1,2027-05,,,,,220.0,,,open_for_sale
2027-05-15,Saturday,1,2027-05,,,,,220.0,,,open_for_sale
2027-05-16,Sunday,0,2027-05,,,,,150.0,,,open_for_sale
2027-05-17,Monday,0,2027-05,,,,,150.0,,,open_for_sale
2027-05-18,Tuesday,0,2027-05,,,,,150.0,,,open_for_sale
2027-05-19,Wednesday,0,2027-05,,,,,150.0,,,open_for_sale
2027-05-20,Thursday,0,2027-05,,,,,150.0,,,open_for_sale
2027-05-21,Friday,1,2027-05,,,,,220.0,,,open_for_sale
2027-05-22,Saturday,1,2027-05,,,,,220.0,,,open_for_sale
2027-05-23,Sunday,0,2027-05,,,,,150.0,,,open_for_sale
2027-05-24,Monday,0,2027-05,,,,,150.0,,,open_for_sale
2027-05-25,Tuesday,0,2027-05,,,,,150.0,,,open_for_sale
2027-05-26,Wednesday,0,2027-05,,,,,150.0,,,open_for_sale
2027-05-27,Thursday,0,2027-05,,,,,150.0,,,open_for_sale
2027-05-28,Friday,1,2027-05,,,,,240.0,,,open_for_sale
2027-05-29,Saturday,1,2027-05,,,,,240.0,,,open_for_sale
2027-05-30,Sunday,0,2027-05,,,,,180.0,,,open_for_sale
2027-05-31,Monday,0,2027-05,,,,,150.0,,,open_for_sale
2027-06-01,Tuesday,0,2027-06,,,,,150.0,,,open_for_sale
2027-06-02,Wednesday,0,2027-06,,,,,150.0,,,open_for_sale
2027-06-03,Thursday,0,2027-06,,,,,150.0,,,open_for_sale
2027-06-04,Friday,1,2027-06,,,,,200.0,,,open_for_sale
2027-06-05,Saturday,1,2027-06,,,,,200.0,,,open_for_sale
2027-06-06,Sunday,0,2027-06,,,,,150.0,,,open_for_sale
2027-06-07,Monday,0,2027-06,,,,,150.0,,,open_for_sale
2027-06-08,Tuesday,0,2027-06,,,,,150.0,,,open_for_sale
2027-06-09,Wednesday,0,2027-06,,,,,150.0,,,open_for_sale
2027-06-10,Thursday,0,2027-06,,,,,150.0,,,open_for_sale
2027-06-11,Friday,1,2027-06,,,,,200.0,,,open_for_sale
2027-06-12,Saturday,1,2027-06,,,,,200.0,,,open_for_sale
2027-06-13,Sunday,0,2027-06,,,,,150.0,,,open_for_sale
2027-06-14,Monday,0,2027-06,,,,,150.0,,,open_for_sale
2027-06-15,Tuesday,0,2027-06,,,,,150.0,,,open_for_sale
2027-06-16,Wednesday,0,2027-06,,,,,150.0,,,open_for_sale
2027-06-17,Thursday,0,2027-06,,,,,150.0,,,open_for_sale
2027-06-18,Friday,1,2027-06,,,,,200.0,,,open_for_sale
2027-06-19,Saturday,1,2027-06,,,,,200.0,,,open_for_sale
2027-06-20,Sunday,0,2027-06,,,,,150.0,,,open_for_sale
2027-06-21,Monday,0,2027-06,,,,,150.0,,,open_for_sale
2027-06-22,Tuesday,0,2027-06,,,,,150.0,,,open_for_sale
2027-06-23,Wednesday,0,2027-06,,,,,150.0,,,open_for_sale
2027-06-24,Thursday,0,2027-06,,,,,150.0,,,open_for_sale
2027-06-25,Friday,1,2027-06,,,,,200.0,,,open_for_sale
2027-06-26,Saturday,1,2027-06,,,,,200.0,,,open_for_sale
2027-06-27,Sunday,0,2027-06,,,,,150.0,,,open_for_sale
2027-06-28,Monday,0,2027-06,,,,,150.0,,,open_for_sale
2027-06-29,Tuesday,0,2027-06,,,,,150.0,,,open_for_sale
2027-06-30,Wednesday,0,2027-06,,,,,150.0,,,open_for_sale
