reservation_id,platform,booked_at,checkin,checkout,nights,status,host_accommodation,cleaning_fee,discount_promo,discount_top_rated,discount_length_of_stay,discount_early_booking,discount_other,platform_fee,pms_fee,host_taxes,host_revenue
R01,airbnb,2026-07-30,2026-08-15,2026-08-16,1,accepted,475.0,150.0,95.0,0.0,0.0,0.0,0.0,82.15,0.0,0.0,447.85
R02,airbnb,2026-08-19,2026-08-22,2026-09-22,31,accepted,6243.0,250.0,0.0,936.45,1591.98,0.0,0.0,614.51,0.0,0.0,3350.06
R03,vrbo,2026-09-18,2026-09-24,2026-09-26,2,expired,496.0,0.0,0.0,0.0,0.0,0.0,0.0,24.8,19.34,0.0,451.86
R04,airbnb,2026-07-31,2026-09-25,2026-09-27,2,accepted,1700.0,150.0,340.0,0.0,0.0,0.0,0.0,234.05,0.0,0.0,1275.95
R05,vrbo,2026-09-20,2026-09-26,2026-09-27,1,expired,291.0,0.0,0.0,0.0,0.0,0.0,0.0,14.55,11.34,0.0,265.11
R06,vrbo,2026-09-21,2026-09-26,2026-09-27,1,declined,291.0,0.0,0.0,0.0,0.0,0.0,0.0,14.55,12.75,14.55,278.25
R07,airbnb,2026-08-14,2026-10-09,2026-10-11,2,accepted,2200.0,150.0,0.0,330.0,0.0,0.0,0.0,313.1,0.0,0.0,1706.9
R08,vrbo,2026-09-19,2026-10-09,2026-10-11,2,expired,582.0,0.0,0.0,0.0,0.0,0.0,0.0,29.1,25.52,29.1,556.48
R09,vrbo,2026-09-18,2026-10-10,2026-10-11,1,declined,291.0,0.0,0.0,0.0,0.0,0.0,0.0,14.55,12.75,14.55,278.25
R10,airbnb,2026-07-31,2026-10-22,2026-10-26,4,accepted,1033.2,200.0,206.64,0.0,0.0,0.0,0.0,159.12,0.0,0.0,867.44
R11,airbnb,2026-08-21,2026-11-06,2026-11-08,2,accepted,1750.0,250.0,0.0,262.5,0.0,0.0,0.0,269.31,0.0,0.0,1468.19
R12,airbnb,2026-09-05,2026-12-23,2027-01-04,12,accepted,1500.0,140.0,0.0,0.0,180.0,0.0,0.0,226.3,0.0,0.0,1233.7
R13,vrbo,2026-08-19,2027-03-19,2027-03-27,8,accepted,1600.0,250.0,0.0,0.0,0.0,160.0,0.0,84.5,0.0,0.0,1605.5
R14,airbnb,2026-08-21,2027-03-20,2027-03-26,6,cancelled,0.0,0.0,0.0,0.0,0.0,0.0,0.0,0.0,0.0,0.0,0.0
R15,airbnb,2026-08-01,2027-04-30,2027-05-04,4,accepted,1705.0,200.0,0.0,0.0,0.0,0.0,0.0,295.28,0.0,0.0,1609.72
