stay_label,stay_start,pulled_on,comp_min,comp_median,comp_max,n_comps,our_total
Weekday Oct 13-15,2026-10-13,2026-09-29,339,450,664,,470
Weekday Oct 13-15,2026-10-13,2026-10-04,,438,,17,470
Weekend Oct 16-18 (Texas away),2026-10-16,2026-09-29,369,460,721,,540
Weekend Oct 16-18 (Texas away),2026-10-16,2026-10-04,,593,,17,540
Halloween Oct 30-Nov 1,2026-10-30,2026-09-29,382,616,880,,640
Kentucky Nov 13-15,2026-11-13,2026-09-29,415,560,706,,580
Vanderbilt Nov 20-22,2026-11-20,2026-09-29,296,1450,2728,,1480
Vanderbilt Nov 20-22,2026-11-20,2026-10-04,,1767,,12,1480
Thanksgiving Nov 27-29,2026-11-27,2026-09-29,561,630,1244,,640
Commencement Dec 11-13,2026-12-11,2026-09-29,556,964,1490,,980
Commencement Dec 11-13,2026-12-11,2026-10-04,,929,,14,980
