year_month,calendar_nights,booked_nights,open_nights,occupancy_pct,adr,net_revenue,rent
2026-08,17,11,6,64.7,183.18,1297.85,2350.0
2026-09,30,23,7,76.7,278.39,3225.96,2350.0
2026-10,31,6,25,19.4,538.87,2224.34,2350.0
2026-11,30,2,28,6.7,875.0,1218.2,2350.0
2026-12,31,9,22,29.0,121.11,820.26,2350.0
2027-01,31,3,28,9.7,136.67,273.42,2350.0
2027-02,28,0,28,0.0,,0.0,2350.0
2027-03,31,8,23,25.8,200.0,1355.52,2350.0
2027-04,30,1,29,3.3,600.0,352.43,2350.0
2027-05,31,3,28,9.7,368.33,1057.29,2350.0
2027-06,30,0,30,0.0,,0.0,2350.0
