stay_label,stay_start,pulled_on,n_comps,comp_median,our_total,gap_dollars,gap_pct,is_latest_pull
Weekday Oct 13-15,2026-10-13,2026-09-29,,450.0,470.0,20.0,4.4,0
Weekday Oct 13-15,2026-10-13,2026-10-04,17.0,438.0,470.0,32.0,7.3,1
Weekend Oct 16-18 (Texas away),2026-10-16,2026-09-29,,460.0,540.0,80.0,17.4,0
Weekend Oct 16-18 (Texas away),2026-10-16,2026-10-04,17.0,593.0,540.0,-53.0,-8.9,1
Halloween Oct 30-Nov 1,2026-10-30,2026-09-29,,616.0,640.0,24.0,3.9,1
Kentucky Nov 13-15,2026-11-13,2026-09-29,,560.0,580.0,20.0,3.6,1
Vanderbilt Nov 20-22,2026-11-20,2026-09-29,,1450.0,1480.0,30.0,2.1,0
Vanderbilt Nov 20-22,2026-11-20,2026-10-04,12.0,1767.0,1480.0,-287.0,-16.2,1
Thanksgiving Nov 27-29,2026-11-27,2026-09-29,,630.0,640.0,10.0,1.6,1
Commencement Dec 11-13,2026-12-11,2026-09-29,,964.0,980.0,16.0,1.7,0
Commencement Dec 11-13,2026-12-11,2026-10-04,14.0,929.0,980.0,51.0,5.5,1
