year_month,net_revenue,rent,surplus_or_gap,rent_coverage_pct,open_for_sale,avg_ask,nights_needed,feasible
2026-08,1297.85,2350.0,-1052.15,55.2,0,,,0
2026-09,3225.96,2350.0,875.96,137.3,0,,0.0,1
2026-10,2224.34,2350.0,-125.66,94.7,18,120.0,2.0,1
2026-11,1218.2,2350.0,-1131.8,51.8,28,182.86,8.0,1
2026-12,820.26,2350.0,-1529.74,34.9,22,154.77,12.0,1
2027-01,273.42,2350.0,-2076.58,11.6,28,177.14,14.0,1
2027-02,0.0,2350.0,-2350.0,0.0,28,183.57,16.0,1
2027-03,1355.52,2350.0,-994.48,57.7,23,206.74,6.0,1
2027-04,352.43,2350.0,-1997.57,15.0,29,218.79,11.0,1
2027-05,1057.29,2350.0,-1292.71,45.0,28,173.21,9.0,1
2027-06,0.0,2350.0,-2350.0,0.0,30,163.33,18.0,1
